Workbook

Sheet commerciaux
A1: id | B1: nom_prenom
A2: RET1 | B2: Ackra David
A3: RET2 | B3: Cisse Djeneba
A4: RET3 | B4: Danho Ghislain
A5: RET4 | B5: Diomande Gontie
A6: RET5 | B6: Lare Fankandin
A7: RET6 | B7: N'Dri Audrey
A8: RET7 | B8: Ouattara Mamadou
A9: RET8 | B9: Zadi Michel
A10: RET9 | B10: Latte Alex
A11: RET10 | B11: Coulibaly Boubacar
A12: RET11 | B12: Yapo Dominique
... A14: RET13 | B14: BRA Marie-Josephe

Sheet sites
A1: id | B1: nom_site | C1: commercial_id | D1: commercial_nom | E1: numero_compte
A2: 1092037 | B2: SS ZUENOULA | C2: RET1 | D2: Ackra David | E2: 1169393
A3: 1090799 | B3: SS SEGUELA | C3: RET1 | D3: Ackra David | E3: 1174857
A4: 1413076 | B4: SS SA SEGUELA | C4: RET1 | D4: Ackra David | E4: 1416787
A5: 1413074 | B5: SS SA BAZRA NATTI | C5: RET1 | D5: Ackra David | E5: 1416787
A6: 1091999 | B6: SS BOUAFLE | C6: RET1 | D6: Ackra David | E6: 1371007
A7: 1091396 | B7: SS DO KPESSO | C7: RET1 | D7: Ackra David | E7: 1169743
A8: 1091211 | B8: SS DO TIEBISSOU | C8: RET1 | D8: Ackra David | E8: 1173136
A9: 1352699 | B9: SS DO TIENINGBOUE | C9: RET1 | D9: Ackra David | E9: 1395224
A10: 1433577 | B10: SS DELTA NINANKRI | C10: RET1 | D10: Ackra David | E10: 1395224
A11: 1433907 | B11: SS DELTA KAMORO | C11: RET1 | D11: Ackra David | E11: 1395224
A12: 1433717 | B12: SS DELTA SARHALA | C12: RET1 | D12: Ackra David | E12: 1441510
A13: 1090779 | B13: SS MANKONO (CARBURANT) | C13: RET1 | D13: Ackra David | E13: 1174857
... A248: 1478742 | B248: SS AERO CITE | C248: RET9 | D248: Latte Alex | E248: 1413651

Sheet transporteurs
A1: id | B1: nom
A2: TR1 | B2: KAMA CI SA
A3: TR2 | B3: SAMA TRADING Sarl
A4: TR3 | B4: SGTT-CI
A5: TR4 | B5: Ets TGMR PC BRIDGE BANK GROUP
A6: TR5 | B6: ETS YANKA P/C SIB

Sheet depots
A1: id | B1: nom
A2: CT51 | B2: Dépôt SPCI VRIDI
A3: CT52 | B3: Dépôt SPCI AOT
A4: CT54 | B4: Dépôt GESTOCI Abidjan
A5: CT55 | B5: Dépôt GESTOCI Yakro

Sheet citernes
A1: num_citerne | B1: num_tracteur | C1: transporteur_id | D1: transporteur
A2: CI2644KR01 | B2: CI1200LS01 | C2: TR2 | D2: SAMA TRADING Sarl
A3: CI2647KR01 | B3: CI1200LS01 | C3: TR2 | D3: SAMA TRADING Sarl
A4: CI6960JL01 | B4: CI1281GY01 | C4: TR3 | D4: SGTT-CI
A5: CI1039KZ01 | B5: CI13501W01 | C5: TR1 | D5: KAMA CI SA
A6: CI1519GX01 | B6: CI13501W01 | C6: TR1 | D6: KAMA CI SA
A7: CI3713LP01 | B7: CI13501W01 | C7: TR2 | D7: SAMA TRADING Sarl
A8: CI5512GY01 | B8: CI13501W01 | C8: TR3 | D8: SGTT-CI
A9: CI55JV01 | B9: CI13501W01 | C9: TR3 | D9: SGTT-CI
A10: CI8160HU01 | B10: CI13501W01 | C10: TR3 | D10: SGTT-CI
A11: CI8886GP01 | B11: CI13501W01 | C11: TR3 | D11: SGTT-CI
A12: CIAA024ER | B12: CI13501W01 | C12: TR3 | D12: SGTT-CI
... A290: CI595KE01 | B290: CICH2109 | C290: TR3 | D290: SGTT-CI
A291: CI8886GP01 | C291: TR3 | D291: SGTT-CI

Sheet chauffeurs
A1: ID | B1: nom_chauffeur | C1: transporteur_id | D1: transporteur
A2: 1 | B2: CISSE LADJI | C2: TR1 | D2: =+VLOOKUP(C2,transporteurs!$A$2:$B$6,2,0) -> KAMA CI SA
A3: 2 | B3: CAMARA IBRAHIM | C3: TR1 | D3: =+VLOOKUP(C3,transporteurs!$A$2:$B$6,2,0) -> KAMA CI SA
A4: 3 | B4: DIALLO MAMADOU DIOULDE | C4: TR1 | D4: =+VLOOKUP(C4,transporteurs!$A$2:$B$6,2,0) -> KAMA CI SA
A5: 4 | B5: DIANE MAMADY | C5: TR1 | D5: =+VLOOKUP(C5,transporteurs!$A$2:$B$6,2,0) -> KAMA CI SA
A6: 5 | B6: DIARRASSOUBA MAMADOU | C6: TR1 | D6: =+VLOOKUP(C6,transporteurs!$A$2:$B$6,2,0) -> KAMA CI SA
A7: 6 | B7: DOUMBIA ABDOULAYE | C7: TR1 | D7: =+VLOOKUP(C7,transporteurs!$A$2:$B$6,2,0) -> KAMA CI SA
A8: 7 | B8: CISSE SORY IBRAHIM | C8: TR1 | D8: =+VLOOKUP(C8,transporteurs!$A$2:$B$6,2,0) -> KAMA CI SA
A9: 8 | B9: DOUMBIA SOULEYMANE | C9: TR1 | D9: =+VLOOKUP(C9,transporteurs!$A$2:$B$6,2,0) -> KAMA CI SA
A10: 9 | B10: FOFANA SALIHOU | C10: TR1 | D10: =+VLOOKUP(C10,transporteurs!$A$2:$B$6,2,0) -> KAMA CI SA
A11: 10 | B11: GUISSE OUMAR | C11: TR1 | D11: =+VLOOKUP(C11,transporteurs!$A$2:$B$6,2,0) -> KAMA CI SA
A12: 11 | B12: ISSA TRAORE | C12: TR1 | D12: =+VLOOKUP(C12,transporteurs!$A$2:$B$6,2,0) -> KAMA CI SA
A13: 12 | B13: TR1GATE ABOULAYE | C13: TR1 | D13: =+VLOOKUP(C13,transporteurs!$A$2:$B$6,2,0) -> KAMA CI SA
... A191: 190 | B191: DOUMBIA MOUSSA | C191: TR2 | D191: =+VLOOKUP(C191,transporteurs!$A$2:$B$6,2,0) -> SAMA TRADING Sarl

Sheet produits
A1: id | B1: nom
A2: PDT1 | B2: Shell Fuelsave Super
A3: PDT2 | B3: Shell Fuelsave Diesel
